ID,email,name
20903584-2613-4af8-9732-55b5359f18df,anita.sharma@projectone.com,Anita Sharma
ef52dbc7-a607-498d-91c7-217ce627e4a2,karan.mehta@projectone.com,Karan Mehta
f570a437-2ca7-4a33-b6f9-e6886b499a2a,deepak.rao@projectone.com,Deepak Rao
6e4f0bce-ba61-44f9-a124-b9a10448fb64,priya.nair@projectone.com,Priya Nair
ea24f772-ed62-4341-970f-3bb4f3fdec8e,rahul.verma@projectone.com,Rahul Verma
5bba6bd6-cbeb-4c90-848f-133a5a51e21d,sana.iqbal@projectone.com,Sana Iqbal
5d1e26c8-50d5-472b-afb3-b4eab168475f,meera.iyer@projectone.com,Meera Iyer
1f8c45fb-30f3-4a4d-bdc5-f67eb3612a87,vikram.singh@projectone.com,Vikram Singh
1c77242e-663c-4372-9390-daecbce6055f,neha.kapoor@projectone.com,Neha Kapoor
25fe4215-e07c-4ce0-886e-33b3c083677f,arjun.reddy@projectone.com,Arjun Reddy
    